Designator,Val,Package,Mid X,Mid Y,Rotation,Layer
"J3","Conn_01x04","PinHeader_1x04_P2.54mm_Vertical",111.500000,-60.690000,180.000000,bottom
"J4","Conn_01x04","PinHeader_1x04_P2.54mm_Vertical",138.500000,-60.960000,180.000000,bottom
"BOOT1","SW_Push","SW_Push_SPST_NO_Alps_SKRK",125.500000,-87.000000,90.000000,top
"BOOT2","SW_Push","SW_Push_SPST_NO_Alps_SKRK",116.500000,-100.200000,-90.000000,top
"BT1","MS621FE-FL11E","BAT_MS621FE-FL11E",182.525000,-107.050000,180.000000,top
"C1","1uF","C_0603_1608Metric",129.829000,-83.015000,90.000000,top
"C2","10uF","C_1210_3225Metric",167.000000,-60.500000,180.000000,top
"C3","10uF","C_1210_3225Metric",167.000000,-63.800000,180.000000,top
"C4","100nF","C_0402_1005Metric",117.335000,-59.000000,90.000000,top
"C5","10uF","C_0603_1608Metric",135.129000,-85.790000,-90.000000,top
"C6","100nF","C_0402_1005Metric",116.335000,-60.100000,90.000000,top
"C7","100nF","C_0402_1005Metric",133.929000,-82.190000,0.000000,top
"C8","100nF","C_0402_1005Metric",116.500000,-70.800000,-90.000000,top
"C9","18pF","C_0402_1005Metric",129.500000,-59.700000,180.000000,top
"C10","15pF","C_0402_1005Metric",133.400000,-57.600000,180.000000,top
"C11","100nF","C_0402_1005Metric",119.800000,-87.500000,-90.000000,top
"C12","100nF","C_0402_1005Metric",119.300000,-69.900000,-90.000000,top
"C13","15pF","C_0402_1005Metric",131.520000,-57.600000,0.000000,top
"C14","18pF","C_0402_1005Metric",126.300000,-56.700000,90.000000,top
"C15","10uF","C_1210_3225Metric",158.000000,-64.250000,-90.000000,top
"C16","10uF","C_1210_3225Metric",158.000000,-75.750000,-90.000000,top
"C17","10uF","C_1210_3225Metric",176.000000,-64.250000,-90.000000,top
"C18","100nF","C_0402_1005Metric",133.500000,-62.200000,0.000000,top
"C19","1uF","C_0402_1005Metric",133.500000,-61.200000,0.000000,top
"C20","100nF","C_0402_1005Metric",126.000000,-60.300000,90.000000,top
"C21","1uF","C_0402_1005Metric",127.000000,-60.300000,90.000000,top
"C22","1uF","C_0402_1005Metric",114.700000,-83.200000,180.000000,top
"C23","1uF","C_0402_1005Metric",116.900000,-79.100000,0.000000,top
"C24","100nF","C_0402_1005Metric",120.700000,-65.100000,180.000000,top
"C25","100nF","C_0402_1005Metric",122.100000,-72.700000,180.000000,top
"C26","2.2uF","C_0402_1005Metric",135.600000,-64.700000,90.000000,top
"C27","100nF","C_0402_1005Metric",133.100000,-74.300000,-90.000000,top
"C28","2.2uF","C_0402_1005Metric",121.100000,-71.100000,-90.000000,top
"C29","100nF","C_0402_1005Metric",134.700000,-63.300000,0.000000,top
"C30","4.7uF","C_0603_1608Metric",134.400000,-74.800000,-90.000000,top
"C31","10uF","C_1210_3225Metric",176.000000,-75.775000,-90.000000,top
"C32","100nF","C_0402_1005Metric",167.017500,-69.500000,0.000000,top
"C33","47uF","C_1210_3225Metric",174.000000,-83.500000,-90.000000,top
"C34","18pF","C_0402_1005Metric",143.350000,-102.075000,0.000000,top
"C35","15pF","C_0402_1005Metric",140.650000,-109.150000,0.000000,top
"C36","15pF","C_0402_1005Metric",143.900000,-107.450000,90.000000,top
"C37","18pF","C_0402_1005Metric",139.950000,-105.175000,90.000000,top
"C38","2.2uF","C_0402_1005Metric",126.020000,-97.800000,180.000000,top
"C39","2.2uF","C_0402_1005Metric",136.200000,-111.400000,0.000000,top
"C40","100nF","C_0402_1005Metric",138.820000,-102.300000,0.000000,top
"C41","1uF","C_0402_1005Metric",138.820000,-103.300000,0.000000,top
"C42","100nF","C_0402_1005Metric",138.700000,-109.300000,0.000000,top
"C43","100nF","C_0402_1005Metric",122.700000,-100.220000,-90.000000,top
"C44","1uF","C_0402_1005Metric",138.700000,-110.300000,0.000000,top
"C45","100nF","C_0402_1005Metric",136.200000,-110.400000,0.000000,top
"C46","100nF","C_0402_1005Metric",124.900000,-109.300000,180.000000,top
"C47","100nF","C_0402_1005Metric",126.000000,-98.800000,180.000000,top
"C48","100nF","C_0402_1005Metric",133.800000,-96.900000,90.000000,top
"C49","4.7uF","C_0603_1608Metric",124.400000,-110.600000,180.000000,top
"C50","100nF","C_0402_1005Metric",124.547500,-113.800000,0.000000,top
"C51","47pF","C_0402_1005Metric",128.827500,-118.995000,90.000000,top
"C52","6.8pF","C_0402_1005Metric",131.587500,-120.495000,0.000000,top
"C53","100nF","C_0402_1005Metric",121.427500,-128.040000,-90.000000,top
"C54","2.7pF","C_0402_1005Metric",132.987500,-119.995000,90.000000,top
"C55","4.7uF","C_0603_1608Metric",119.470000,-127.895000,180.000000,top
"C56","1.1pF","C_0402_1005Metric",134.387500,-119.495000,0.000000,top
"C57","18pF","C_0402_1005Metric",131.582500,-121.595000,0.000000,top
"C58","2.2uF","C_0402_1005Metric",126.827500,-118.300000,90.000000,top
"C59","1.2pF","C_0402_1005Metric",135.787500,-119.995000,90.000000,top
"C60","2.2uF","C_0402_1005Metric",119.427500,-123.640000,180.000000,top
"C61","1uF","C_0402_1005Metric",129.667500,-125.000000,0.000000,top
"C62","2pF","C_0402_1005Metric",138.602500,-119.995000,90.000000,top
"C63","1uF","C_0402_1005Metric",119.427500,-122.640000,180.000000,top
"C64","1nF","C_0402_1005Metric",127.827500,-118.605000,90.000000,top
"C65","100nF","C_0402_1005Metric",152.700000,-116.200000,-90.000000,top
"C66","4.7uF","C_0603_1608Metric",153.900000,-116.900000,-90.000000,top
"C67","47pF","C_0402_1005Metric",148.600000,-114.900000,0.000000,top
"C68","47pF","C_0402_1005Metric",151.080000,-118.300000,0.000000,top
"C69","100nF","C_0402_1005Metric",164.740000,-109.920000,0.000000,top
"C70","100nF","C_0402_1005Metric",161.780000,-124.680000,-90.000000,top
"C71","4.7uF","C_0603_1608Metric",160.480000,-125.480000,-90.000000,top
"C72","2.2uF","C_0402_1005Metric",167.800000,-114.700000,0.000000,top
"C73","2.2uF","C_0402_1005Metric",159.880000,-120.480000,180.000000,top
"C74","1uF","C_0603_1608Metric",174.625000,-107.950000,180.000000,top
"C75","1uF","C_0402_1005Metric",169.700000,-123.080000,-90.000000,top
"C76","1uF","C_0402_1005Metric",159.920000,-119.500000,180.000000,top
"C77","1nF","C_0402_1005Metric",168.660000,-115.720000,0.000000,top
"C78","47pF","C_0402_1005Metric",171.160000,-121.720000,0.000000,top
"C79","22pF","C_0402_1005Metric",173.075000,-120.720000,0.000000,top
"C80","2.2pF","C_0402_1005Metric",170.260000,-118.720000,180.000000,top
"C81","7.5pF","C_0402_1005Metric",174.475000,-121.220000,-90.000000,top
"C82","1.8pF","C_0402_1005Metric",175.875000,-121.720000,0.000000,top
"C83","18pF","C_0402_1005Metric",172.160000,-119.720000,0.000000,top
"C84","3.9pF","C_0402_1005Metric",177.275000,-121.220000,-90.000000,top
"C85","1.8pF","C_0402_1005Metric",180.075000,-121.220000,-90.000000,top
"D1","LED","LED_0603_1608Metric",114.690000,-52.200000,-90.000000,top
"D2","LED","LED_0603_1608Metric",116.400000,-52.200000,-90.000000,top
"D3","D_Schottky","D_SOD-123",114.500000,-80.200000,90.000000,top
"D4","LED","LED_0603_1608Metric",142.900000,-115.400000,180.000000,top
"D5","LED","LED_0603_1608Metric",142.900000,-113.900000,180.000000,top
"D6","LED","LED_0603_1608Metric",142.900000,-112.410000,180.000000,top
"D7","D_TVS","D_0402_1005Metric",139.587500,-119.995000,-90.000000,top
"D8","D_Schottky","D_0603_1608Metric",176.425000,-111.550000,0.000000,top
"D9","LED","LED_0603_1608Metric",184.895000,-114.705000,180.000000,top
"D10","LED","LED_0603_1608Metric",184.895000,-113.100000,180.000000,top
"D11","LED","LED_0603_1608Metric",184.882500,-111.500000,180.000000,top
"D12","D_TVS","D_0402_1005Metric",181.075000,-121.220000,90.000000,top
"J1","USB_C_Receptacle_USB2.0_14P","USB_C_Receptacle_HRO_TYPE-C-31-M-12",108.000000,-75.500000,-90.000000,top
"J2","Conn_01x04","PinHeader_1x04_P2.54mm_Vertical",107.500000,-60.690000,0.000000,top
"J3","Conn_01x04","PinHeader_1x04_P2.54mm_Vertical",169.000000,-130.000000,90.000000,top
"J4","Conn_01x02","PinHeader_1x02_P2.54mm_Vertical",161.000000,-130.000000,90.000000,top
"J5","Conn_01x04","PinHeader_1x04_P2.54mm_Vertical",142.500000,-60.920000,0.000000,top
"J6","Conn_01x05","PinSocket_1x05_P2.54mm_Vertical",119.920000,-52.500000,90.000000,top
"J7","Conn_01x02","PinHeader_1x02_P2.54mm_Vertical",142.500000,-74.500000,0.000000,top
"J8","Conn_01x01","SolderWirePad_1x01_SMD_1.5x3mm",117.500000,-87.000000,0.000000,top
"J9","Conn_01x01","SolderWirePad_1x01_SMD_1.5x3mm",115.000000,-87.000000,0.000000,top
"J10","Conn_01x01","SolderWirePad_1x01_SMD_4x8mm",170.000000,-54.500000,0.000000,top
"J11","Conn_01x01","SolderWirePad_1x01_SMD_4x8mm",164.000000,-54.500000,0.000000,top
"J12","Conn_01x01","SolderWirePad_1x01_SMD_4x8mm",152.000000,-61.500000,-90.000000,top
"J13","Conn_01x01","SolderWirePad_1x01_SMD_4x8mm",152.000000,-67.000000,-90.000000,top
"J14","Conn_01x01","SolderWirePad_1x01_SMD_4x8mm",152.000000,-73.000000,-90.000000,top
"J15","Conn_01x01","SolderWirePad_1x01_SMD_4x8mm",152.000000,-78.500000,-90.000000,top
"J16","Conn_01x01","SolderWirePad_1x01_SMD_4x8mm",182.000000,-61.500000,-90.000000,top
"J17","Conn_01x01","SolderWirePad_1x01_SMD_4x8mm",182.000000,-67.000000,-90.000000,top
"J18","Conn_01x01","SolderWirePad_1x01_SMD_4x8mm",182.000000,-73.000000,-90.000000,top
"J19","Conn_01x01","SolderWirePad_1x01_SMD_4x8mm",182.000000,-78.500000,-90.000000,top
"J20","Conn_01x01","SolderWirePad_1x01_SMD_4x8mm",170.000000,-85.500000,0.000000,top
"J21","Conn_01x01","SolderWirePad_1x01_SMD_4x8mm",164.000000,-85.500000,0.000000,top
"J22","Conn_01x04","PinHeader_1x04_P2.54mm_Vertical",127.190000,-130.000000,90.000000,top
"J23","Conn_01x08","PinHeader_1x08_P2.54mm_Vertical",115.840000,-94.000000,90.000000,top
"J24","Conn_01x02","PinHeader_1x02_P2.54mm_Vertical",117.675000,-130.400000,-90.000000,top
"J25","Micro_SD_Card_Det1","CUI_MSD-4-A",109.800000,-112.400000,-90.000000,top
"J26","Conn_Coaxial","U.FL_Molex_MCRF_73412-0110_Vertical",142.487500,-120.495000,-90.000000,top
"J29","Conn_Coaxial","U.FL_Molex_MCRF_73412-0110_Vertical",164.025000,-94.700000,90.000000,top
"J30","Conn_Coaxial","U.FL_Molex_MCRF_73412-0110_Vertical",183.975000,-120.720000,-90.000000,top
"L1","10uH","L_10.4x10.4_H4.8",167.000000,-75.500000,0.000000,top
"L2","18nH","L_0402_1005Metric",129.845000,-118.975000,-90.000000,top
"L3","1.5nH","L_0402_1005Metric",129.687500,-120.495000,0.000000,top
"L4","1.6nH","L_0402_1005Metric",134.387500,-120.495000,180.000000,top
"L5","1.1nH","L_0402_1005Metric",137.202500,-120.495000,0.000000,top
"L6","2.2uH","L_0603_1608Metric",119.200000,-125.640000,90.000000,top
"L7","2.4nH","L_0402_1005Metric",129.702500,-121.595000,0.000000,top
"L8","2.2uH","L_0603_1608Metric",159.700000,-122.500000,90.000000,top
"L9","12nH","L_0402_1005Metric",169.760000,-121.135000,90.000000,top
"L10","4.7nH","L_0402_1005Metric",171.175000,-120.720000,0.000000,top
"L11","24nH","L_0402_1005Metric",170.260000,-119.720000,0.000000,top
"L12","3.9nH","L_0402_1005Metric",175.875000,-120.720000,180.000000,top
"L13","7.5nH","L_0402_1005Metric",178.675000,-120.720000,0.000000,top
"R1","5.1K","R_0402_1005Metric",114.300000,-74.100000,0.000000,top
"R2","5.1K","R_0402_1005Metric",114.300000,-77.300000,180.000000,top
"R3","10K","R_0402_1005Metric",125.500000,-83.700000,180.000000,top
"R4","1.2K","R_0402_1005Metric",118.300000,-66.200000,180.000000,top
"R5","1.2K","R_0402_1005Metric",118.300000,-65.200000,180.000000,top
"R6","100K","R_0402_1005Metric",164.437500,-68.400000,90.000000,top
"R7","33.2K","R_0402_1005Metric",163.437500,-68.400000,-90.000000,top
"R8","100K","R_0402_1005Metric",164.037500,-66.900000,0.000000,top
"R9","22K","R_0402_1005Metric",164.037500,-65.900000,180.000000,top
"R10","10K","R_0402_1005Metric",119.800000,-114.650000,180.000000,top
"R11","10K","R_0402_1005Metric",119.800000,-113.550000,180.000000,top
"R12","10K","R_0402_1005Metric",119.800000,-112.450000,180.000000,top
"R13","1K","R_0402_1005Metric",116.390000,-54.710000,90.000000,top
"R14","10K","R_0402_1005Metric",119.800000,-110.250000,180.000000,top
"R15","1K","R_0402_1005Metric",114.690000,-54.710000,90.000000,top
"R16","10K","R_0402_1005Metric",119.800000,-108.050000,180.000000,top
"R17","10K","R_0402_1005Metric",119.800000,-106.950000,180.000000,top
"R18","1.2K","R_0402_1005Metric",140.400000,-115.400000,0.000000,top
"R19","1.2K","R_0402_1005Metric",140.400000,-113.900000,0.000000,top
"R20","1.2K","R_0402_1005Metric",140.390000,-112.400000,0.000000,top
"R21","10K","R_0402_1005Metric",114.300000,-100.210000,90.000000,top
"R22","120K","R_0402_1005Metric",124.547500,-114.800000,0.000000,top
"R23","120K","R_0402_1005Metric",164.760000,-110.920000,0.000000,top
"R24","1K","R_0402_1005Metric",175.625000,-109.650000,90.000000,top
"R25","1.2K","R_0402_1005Metric",182.382500,-114.700000,0.000000,top
"R26","1.2K","R_0402_1005Metric",182.382500,-113.100000,0.000000,top
"R27","1.2K","R_0402_1005Metric",182.382500,-111.500000,0.000000,top
"RESET1","SW_Push","SW_Push_SPST_NO_Alps_SKRK",122.000000,-87.000000,-90.000000,top
"RESET2","SW_Push","SW_Push_SPST_NO_Alps_SKRK",120.500000,-100.200000,-90.000000,top
"TH1","ERT-J0ER104F","R_0402_1005Metric",125.947500,-115.500000,90.000000,top
"TH2","ERT-J0ER104F","R_0402_1005Metric",166.260000,-111.620000,90.000000,top
"TP1","TestPoint","TestPoint_Pad_D1.0mm",154.100000,-119.900000,90.000000,top
"TP2","TestPoint","TestPoint_Pad_D1.0mm",165.425000,-102.400000,90.000000,top
"U1","STM32H523RCTx","LQFP-64_10x10mm_P0.5mm",128.400000,-68.000000,-90.000000,top
"U2","LSM6DSV","LGA-14_3x2.5mm_P0.5mm_LayoutBorder3x4y",116.977500,-68.300000,0.000000,top
"U3","MMC5983MA","LGA-16_3x3mm_P0.5mm",132.500000,-84.500000,0.000000,top
"U4","BMP384","Rohm_MLGA010V020A_LGA-10_2x2mm_P0.45mm_LayoutBorder2x3y",118.300000,-61.400000,0.000000,top
"U5","MIC5504-3.3YM5","SOT-23-5",117.400000,-81.700000,90.000000,top
"U6","TPS54308","SOT-23-6",167.037500,-67.300000,180.000000,top
"U7","STM32H523RCTx","LQFP-64_10x10mm_P0.5mm",131.100000,-104.600000,180.000000,top
"U8","LR2021","QFN-32-1EP_7x7mm_P0.65mm_EP4.65x4.65mm",124.607500,-123.320000,-90.000000,top
"U9","STM32G030K8Tx","LQFP-32_7x7mm_P0.8mm",153.000000,-110.000000,90.000000,top
"U10","MAX-M10S","ublox_MAX",172.425000,-98.000000,180.000000,top
"U11","LR2021","QFN-32-1EP_7x7mm_P0.65mm_EP4.65x4.65mm",165.000000,-120.000000,-90.000000,top
"Y1","32.768MHz","Crystal_SMD_3215-2Pin_3.2x1.5mm",132.500000,-59.300000,0.000000,top
"Y2","24MHz","Crystal_SMD_3225-4Pin_3.2x2.5mm",128.600000,-57.100000,90.000000,top
"Y3","32.768MHz","Crystal_SMD_3215-2Pin_3.2x1.5mm",141.400000,-107.475000,180.000000,top
"Y4","24MHz","Crystal_SMD_3225-4Pin_3.2x2.5mm",142.550000,-104.300000,0.000000,top
"Y5","32MHz 10pF","Crystal_SMD_2016-4Pin_2.0x1.6mm",123.967500,-116.660000,180.000000,top
"Y6","32.768KHz","Crystal_SMD_3215-2Pin_3.2x1.5mm",150.100000,-116.600000,0.000000,top
"Y7","32MHz 10pF","Crystal_SMD_2016-4Pin_2.0x1.6mm",164.260000,-112.770000,180.000000,top
